test_item_id,original_clip_id,speaker_id,sentence_id,audio_duration_sec,audio_path,text_path,text,onset_sec,offset_sec,speech_duration_sec
p226_01,p226_106,p226,106,4.570667,data/original/VCTK-Corpus/wav48/p226/p226_106.wav,data/original/VCTK-Corpus/txt/p226/p226_106.txt,It was some time before she found out he was safe.,1.660000,4.290000,2.630000
p230_01,p230_191,p230,191,4.442292,data/original/VCTK-Corpus/wav48/p230/p230_191.wav,data/original/VCTK-Corpus/txt/p230/p230_191.txt,We represent a wide range of society.,1.280000,4.180000,2.900000
p236_01,p236_007,p236,007,4.311167,data/original/VCTK-Corpus/wav48/p236/p236_007.wav,data/original/VCTK-Corpus/txt/p236/p236_007.txt,The rainbow is a division of white light into many beautiful colors.,0.600000,3.550000,2.950000
p239_01,p239_034,p239,034,3.031208,data/original/VCTK-Corpus/wav48/p239/p239_034.wav,data/original/VCTK-Corpus/txt/p239/p239_034.txt,Drink and petrol prices remain untouched.,0.770000,2.740000,1.970000
p241_01,p241_016,p241,016,6.700354,data/original/VCTK-Corpus/wav48/p241/p241_016.wav,data/original/VCTK-Corpus/txt/p241/p241_016.txt,The Norsemen considered the rainbow as a bridge over which the gods passed from earth to their home in the sky.,1.030000,6.090000,5.060000
p244_01,p244_293,p244,293,3.757292,data/original/VCTK-Corpus/wav48/p244/p244_293.wav,data/original/VCTK-Corpus/txt/p244/p244_293.txt,This idea has been around for four years.,1.570000,3.660000,2.090000
p246_01,p246_012,p246,012,5.592667,data/original/VCTK-Corpus/wav48/p246/p246_012.wav,data/original/VCTK-Corpus/txt/p246/p246_012.txt,Throughout the centuries people have explained the rainbow in various ways.,0.830000,5.500000,4.670000
p247_01,p247_073,p247,073,3.669979,data/original/VCTK-Corpus/wav48/p247/p247_073.wav,data/original/VCTK-Corpus/txt/p247/p247_073.txt,Robin Williams is very subdued.),1.340000,3.220000,1.880000
p249_01,p249_147,p249,147,4.610667,data/original/VCTK-Corpus/wav48/p249/p249_147.wav,data/original/VCTK-Corpus/txt/p249/p249_147.txt,"Alice, the girl, was said by doctors to be in good condition.",1.060000,4.240000,3.180000
p253_01,p253_262,p253,262,5.251292,data/original/VCTK-Corpus/wav48/p253/p253_262.wav,data/original/VCTK-Corpus/txt/p253/p253_262.txt,"He claimed his insurance company contested the damages, not the restaurant.",1.420000,4.970000,3.550000
p254_01,p254_272,p254,272,4.144000,data/original/VCTK-Corpus/wav48/p254/p254_272.wav,data/original/VCTK-Corpus/txt/p254/p254_272.txt,It depends on the internal discussions in the Ministry of Defence.,1.170000,4.100000,2.930000
p255_01,p255_016,p255,016,7.344000,data/original/VCTK-Corpus/wav48/p255/p255_016.wav,data/original/VCTK-Corpus/txt/p255/p255_016.txt,The Norsemen considered the rainbow as a bridge over which the gods passed from earth to their home in the sky.,1.390000,7.090000,5.700000
p256_01,p256_041,p256,041,4.523479,data/original/VCTK-Corpus/wav48/p256/p256_041.wav,data/original/VCTK-Corpus/txt/p256/p256_041.txt,It had been played at festivals.,1.390000,3.000000,1.610000
p258_01,p258_154,p258,154,4.997021,data/original/VCTK-Corpus/wav48/p258/p258_154.wav,data/original/VCTK-Corpus/txt/p258/p258_154.txt,They are expected to appear at Edinburgh Sheriff Court today.,1.970000,4.750000,2.780000
p259_01,p259_044,p259,044,3.158958,data/original/VCTK-Corpus/wav48/p259/p259_044.wav,data/original/VCTK-Corpus/txt/p259/p259_044.txt,The boy is no longer with us.),1.340000,2.770000,1.430000
p260_01,p260_022,p260,022,7.471271,data/original/VCTK-Corpus/wav48/p260/p260_022.wav,data/original/VCTK-Corpus/txt/p260/p260_022.txt,The actual primary rainbow observed is said to be the effect of super-imposition of a number of bows.,1.500000,7.270000,5.770000
p262_01,p262_080,p262,080,3.418604,data/original/VCTK-Corpus/wav48/p262/p262_080.wav,data/original/VCTK-Corpus/txt/p262/p262_080.txt,"Otherwise, it will cost a lot of money.",1.080000,3.200000,2.120000
p264_01,p264_068,p264,068,3.243750,data/original/VCTK-Corpus/wav48/p264/p264_068.wav,data/original/VCTK-Corpus/txt/p264/p264_068.txt,That is not possible.),0.830000,1.820000,0.990000
p265_01,p265_123,p265,123,6.062542,data/original/VCTK-Corpus/wav48/p265/p265_123.wav,data/original/VCTK-Corpus/txt/p265/p265_123.txt,Nobody will know the feeling of the branches until October.,1.940000,5.730000,3.790000
p276_01,p276_199,p276,199,4.527208,data/original/VCTK-Corpus/wav48/p276/p276_199.wav,data/original/VCTK-Corpus/txt/p276/p276_199.txt,But he rejected calls for a public register of paedophiles.,1.130000,4.170000,3.040000
p277_01,p277_200,p277,200,3.418021,data/original/VCTK-Corpus/wav48/p277/p277_200.wav,data/original/VCTK-Corpus/txt/p277/p277_200.txt,Even a shopping trip was a cause for excitement.,1.030000,3.300000,2.270000
p278_01,p278_044,p278,044,3.119521,data/original/VCTK-Corpus/wav48/p278/p278_044.wav,data/original/VCTK-Corpus/txt/p278/p278_044.txt,He looks like an Afghan.,1.010000,2.660000,1.650000
p281_01,p281_223,p281,223,4.526125,data/original/VCTK-Corpus/wav48/p281/p281_223.wav,data/original/VCTK-Corpus/txt/p281/p281_223.txt,You have got to look at speed of response.,2.330000,4.490000,2.160000
p283_01,p283_218,p283,218,3.840396,data/original/VCTK-Corpus/wav48/p283/p283_218.wav,data/original/VCTK-Corpus/txt/p283/p283_218.txt,We represent a wide range of society.,1.020000,3.560000,2.540000
p284_01,p284_195,p284,195,3.886583,data/original/VCTK-Corpus/wav48/p284/p284_195.wav,data/original/VCTK-Corpus/txt/p284/p284_195.txt,"It's all about money, money, money.",1.620000,3.460000,1.840000
p285_01,p285_182,p285,182,3.925708,data/original/VCTK-Corpus/wav48/p285/p285_182.wav,data/original/VCTK-Corpus/txt/p285/p285_182.txt,And she is a successful actor with three decades of experience.,0.490000,3.830000,3.340000
p286_01,p286_024,p286,024,7.552812,data/original/VCTK-Corpus/wav48/p286/p286_024.wav,data/original/VCTK-Corpus/txt/p286/p286_024.txt,"This is a very common type of bow, one showing mainly red and yellow, with little or no green or blue.",0.900000,7.170000,6.270000
p292_01,p292_053,p292,053,3.500667,data/original/VCTK-Corpus/wav48/p292/p292_053.wav,data/original/VCTK-Corpus/txt/p292/p292_053.txt,Fewer people are being killed in accidents.,0.840000,3.340000,2.500000
p297_01,p297_094,p297,094,3.756542,data/original/VCTK-Corpus/wav48/p297/p297_094.wav,data/original/VCTK-Corpus/txt/p297/p297_094.txt,Broomfield was the centre of the town.,0.690000,2.620000,1.930000
p298_01,p298_357,p298,357,4.527250,data/original/VCTK-Corpus/wav48/p298/p298_357.wav,data/original/VCTK-Corpus/txt/p298/p298_357.txt,I would urge the Government to think again.,0.830000,2.620000,1.790000
p300_01,p300_184,p300,184,4.398958,data/original/VCTK-Corpus/wav48/p300/p300_184.wav,data/original/VCTK-Corpus/txt/p300/p300_184.txt,We believe a third party was involved.,0.940000,3.050000,2.110000
p301_01,p301_210,p301,210,4.909750,data/original/VCTK-Corpus/wav48/p301/p301_210.wav,data/original/VCTK-Corpus/txt/p301/p301_210.txt,They always want to give a performance.,1.440000,3.230000,1.790000
p305_01,p305_360,p305,360,3.160875,data/original/VCTK-Corpus/wav48/p305/p305_360.wav,data/original/VCTK-Corpus/txt/p305/p305_360.txt,They must act now to tighten the rules.,0.840000,2.950000,2.110000
p306_01,p306_136,p306,136,6.102271,data/original/VCTK-Corpus/wav48/p306/p306_136.wav,data/original/VCTK-Corpus/txt/p306/p306_136.txt,All our thoughts and prayers are with them.,1.440000,3.610000,2.170000
p310_01,p310_046,p310,046,5.589708,data/original/VCTK-Corpus/wav48/p310/p310_046.wav,data/original/VCTK-Corpus/txt/p310/p310_046.txt,And who would argue with that?,1.070000,2.120000,1.050000
p316_01,p316_069,p316,069,4.438083,data/original/VCTK-Corpus/wav48/p316/p316_069.wav,data/original/VCTK-Corpus/txt/p316/p316_069.txt,We are still going ahead with our plans.,2.040000,3.970000,1.930000
p317_01,p317_211,p317,211,4.611208,data/original/VCTK-Corpus/wav48/p317/p317_211.wav,data/original/VCTK-Corpus/txt/p317/p317_211.txt,Our plans for Dunfermline have not changed.,1.000000,3.410000,2.410000
p326_01,p326_267,p326,267,4.654063,data/original/VCTK-Corpus/wav48/p326/p326_267.wav,data/original/VCTK-Corpus/txt/p326/p326_267.txt,It should not lose out in any way.,2.000000,3.380000,1.380000
p329_01,p329_152,p329,152,3.200708,data/original/VCTK-Corpus/wav48/p329/p329_152.wav,data/original/VCTK-Corpus/txt/p329/p329_152.txt,Perhaps they knew something we didn't.,1.090000,2.710000,1.620000
p333_01,p333_109,p333,109,3.630083,data/original/VCTK-Corpus/wav48/p333/p333_109.wav,data/original/VCTK-Corpus/txt/p333/p333_109.txt,"He served in the Gulf, the Falklands, and Northern Ireland.",0.710000,3.170000,2.460000
p334_01,p334_235,p334,235,3.760000,data/original/VCTK-Corpus/wav48/p334/p334_235.wav,data/original/VCTK-Corpus/txt/p334/p334_235.txt,"It's good fun, and makes it so much more interesting.",0.970000,3.120000,2.150000
p336_01,p336_002,p336,002,3.884042,data/original/VCTK-Corpus/wav48/p336/p336_002.wav,data/original/VCTK-Corpus/txt/p336/p336_002.txt,Ask her to bring these things with her from the store.,1.100000,3.340000,2.240000
p339_01,p339_254,p339,254,3.073667,data/original/VCTK-Corpus/wav48/p339/p339_254.wav,data/original/VCTK-Corpus/txt/p339/p339_254.txt,It's about taking risks.,1.080000,2.270000,1.190000
p341_01,p341_350,p341,350,3.628479,data/original/VCTK-Corpus/wav48/p341/p341_350.wav,data/original/VCTK-Corpus/txt/p341/p341_350.txt,He takes time out for everyone.,0.960000,3.110000,2.150000
p360_01,p360_123,p360,123,3.201812,data/original/VCTK-Corpus/wav48/p360/p360_123.wav,data/original/VCTK-Corpus/txt/p360/p360_123.txt,Britain has never had it so good.,1.060000,2.810000,1.750000
p362_01,p362_256,p362,256,3.075646,data/original/VCTK-Corpus/wav48/p362/p362_256.wav,data/original/VCTK-Corpus/txt/p362/p362_256.txt,This will have no effect on the championship.,0.720000,2.460000,1.740000
p363_01,p363_366,p363,366,3.034208,data/original/VCTK-Corpus/wav48/p363/p363_366.wav,data/original/VCTK-Corpus/txt/p363/p363_366.txt,"It is not needed, it should go.",1.240000,2.750000,1.510000
p364_01,p364_036,p364,036,3.843562,data/original/VCTK-Corpus/wav48/p364/p364_036.wav,data/original/VCTK-Corpus/txt/p364/p364_036.txt,"It was very moving, actually.",1.320000,3.400000,2.080000
p374_01,p374_012,p374,012,5.376500,data/original/VCTK-Corpus/wav48/p374/p374_012.wav,data/original/VCTK-Corpus/txt/p374/p374_012.txt,Throughout the centuries people have explained the rainbow in various ways.,0.960000,4.750000,3.790000
p376_01,p376_133,p376,133,6.916333,data/original/VCTK-Corpus/wav48/p376/p376_133.wav,data/original/VCTK-Corpus/txt/p376/p376_133.txt,"""Police could not say if the two incidents were connected.""",3.690000,5.840000,2.150000
