item_id,clip_id,audio_path,category,attribute,difficulty,trajectory,label
p363_01__p363_366__quad_last_flat__mid__up,p363_01,data/processed/test/voice_vibration/audio/up/p363_01__p363_366__quad_last_flat__mid__up.wav,voice_vibration,voice vibration,mid,quad_last_flat,increase
p262_01__p262_080__linear__mid__up,p262_01,data/processed/test/voice_vibration/audio/up/p262_01__p262_080__linear__mid__up.wav,voice_vibration,voice vibration,mid,linear,increase
p283_01__p283_218__jump__high__down,p283_01,data/processed/test/voice_vibration/audio/down/p283_01__p283_218__jump__high__down.wav,voice_vibration,voice vibration,high,jump,decrease
p244_01__p244_293__quad_first_flat__high__down,p244_01,data/processed/test/voice_vibration/audio/down/p244_01__p244_293__quad_first_flat__high__down.wav,voice_vibration,voice vibration,high,quad_first_flat,decrease
p278_01__p278_044__quad_first_flat__low__down,p278_01,data/processed/test/voice_vibration/audio/down/p278_01__p278_044__quad_first_flat__low__down.wav,voice_vibration,voice vibration,low,quad_first_flat,decrease
p306_01__p306_136__quad_first_flat__low__down,p306_01,data/processed/test/voice_vibration/audio/down/p306_01__p306_136__quad_first_flat__low__down.wav,voice_vibration,voice vibration,low,quad_first_flat,decrease
p249_01__p249_147__linear__high__up,p249_01,data/processed/test/voice_vibration/audio/up/p249_01__p249_147__linear__high__up.wav,voice_vibration,voice vibration,high,linear,increase
p256_01__p256_041__linear__low__up,p256_01,data/processed/test/voice_vibration/audio/up/p256_01__p256_041__linear__low__up.wav,voice_vibration,voice vibration,low,linear,increase
p241_01__p241_016__linear__mid__up,p241_01,data/processed/test/voice_vibration/audio/up/p241_01__p241_016__linear__mid__up.wav,voice_vibration,voice vibration,mid,linear,increase
p333_01__p333_109__jump__low__down,p333_01,data/processed/test/voice_vibration/audio/down/p333_01__p333_109__jump__low__down.wav,voice_vibration,voice vibration,low,jump,decrease
p301_01__p301_210__jump__mid__down,p301_01,data/processed/test/voice_vibration/audio/down/p301_01__p301_210__jump__mid__down.wav,voice_vibration,voice vibration,mid,jump,decrease
p310_01__p310_046__quad_last_flat__mid__up,p310_01,data/processed/test/voice_vibration/audio/up/p310_01__p310_046__quad_last_flat__mid__up.wav,voice_vibration,voice vibration,mid,quad_last_flat,increase
p364_01__p364_036__jump__high__down,p364_01,data/processed/test/voice_vibration/audio/down/p364_01__p364_036__jump__high__down.wav,voice_vibration,voice vibration,high,jump,decrease
p236_01__p236_007__quad_last_flat__high__up,p236_01,data/processed/test/voice_vibration/audio/up/p236_01__p236_007__quad_last_flat__high__up.wav,voice_vibration,voice vibration,high,quad_last_flat,increase
p255_01__p255_016__jump__high__down,p255_01,data/processed/test/voice_vibration/audio/down/p255_01__p255_016__jump__high__down.wav,voice_vibration,voice vibration,high,jump,decrease
p226_01__p226_106__linear__low__up,p226_01,data/processed/test/voice_vibration/audio/up/p226_01__p226_106__linear__low__up.wav,voice_vibration,voice vibration,low,linear,increase
p286_01__p286_024__quad_last_flat__high__up,p286_01,data/processed/test/voice_vibration/audio/up/p286_01__p286_024__quad_last_flat__high__up.wav,voice_vibration,voice vibration,high,quad_last_flat,increase
p297_01__p297_094__linear__mid__up,p297_01,data/processed/test/voice_vibration/audio/up/p297_01__p297_094__linear__mid__up.wav,voice_vibration,voice vibration,mid,linear,increase
p265_01__p265_123__quad_last_flat__low__up,p265_01,data/processed/test/voice_vibration/audio/up/p265_01__p265_123__quad_last_flat__low__up.wav,voice_vibration,voice vibration,low,quad_last_flat,increase
p300_01__p300_184__quad_last_flat__low__up,p300_01,data/processed/test/voice_vibration/audio/up/p300_01__p300_184__quad_last_flat__low__up.wav,voice_vibration,voice vibration,low,quad_last_flat,increase
p334_01__p334_235__linear__mid__up,p334_01,data/processed/test/voice_vibration/audio/up/p334_01__p334_235__linear__mid__up.wav,voice_vibration,voice vibration,mid,linear,increase
p277_01__p277_200__linear__high__up,p277_01,data/processed/test/voice_vibration/audio/up/p277_01__p277_200__linear__high__up.wav,voice_vibration,voice vibration,high,linear,increase
p259_01__p259_044__quad_last_flat__high__up,p259_01,data/processed/test/voice_vibration/audio/up/p259_01__p259_044__quad_last_flat__high__up.wav,voice_vibration,voice vibration,high,quad_last_flat,increase
p341_01__p341_350__jump__mid__down,p341_01,data/processed/test/voice_vibration/audio/down/p341_01__p341_350__jump__mid__down.wav,voice_vibration,voice vibration,mid,jump,decrease
p254_01__p254_272__quad_last_flat__mid__up,p254_01,data/processed/test/voice_vibration/audio/up/p254_01__p254_272__quad_last_flat__mid__up.wav,voice_vibration,voice vibration,mid,quad_last_flat,increase
p281_01__p281_223__quad_last_flat__mid__up,p281_01,data/processed/test/voice_vibration/audio/up/p281_01__p281_223__quad_last_flat__mid__up.wav,voice_vibration,voice vibration,mid,quad_last_flat,increase
p230_01__p230_191__quad_first_flat__mid__down,p230_01,data/processed/test/voice_vibration/audio/down/p230_01__p230_191__quad_first_flat__mid__down.wav,voice_vibration,voice vibration,mid,quad_first_flat,decrease
p284_01__p284_195__linear__low__up,p284_01,data/processed/test/voice_vibration/audio/up/p284_01__p284_195__linear__low__up.wav,voice_vibration,voice vibration,low,linear,increase
p376_01__p376_133__quad_first_flat__mid__down,p376_01,data/processed/test/voice_vibration/audio/down/p376_01__p376_133__quad_first_flat__mid__down.wav,voice_vibration,voice vibration,mid,quad_first_flat,decrease
p316_01__p316_069__jump__high__down,p316_01,data/processed/test/voice_vibration/audio/down/p316_01__p316_069__jump__high__down.wav,voice_vibration,voice vibration,high,jump,decrease
p339_01__p339_254__quad_last_flat__low__up,p339_01,data/processed/test/voice_vibration/audio/up/p339_01__p339_254__quad_last_flat__low__up.wav,voice_vibration,voice vibration,low,quad_last_flat,increase
p329_01__p329_152__quad_last_flat__high__up,p329_01,data/processed/test/voice_vibration/audio/up/p329_01__p329_152__quad_last_flat__high__up.wav,voice_vibration,voice vibration,high,quad_last_flat,increase
p260_01__p260_022__jump__low__down,p260_01,data/processed/test/voice_vibration/audio/down/p260_01__p260_022__jump__low__down.wav,voice_vibration,voice vibration,low,jump,decrease
p326_01__p326_267__quad_first_flat__mid__down,p326_01,data/processed/test/voice_vibration/audio/down/p326_01__p326_267__quad_first_flat__mid__down.wav,voice_vibration,voice vibration,mid,quad_first_flat,decrease
p298_01__p298_357__quad_first_flat__high__down,p298_01,data/processed/test/voice_vibration/audio/down/p298_01__p298_357__quad_first_flat__high__down.wav,voice_vibration,voice vibration,high,quad_first_flat,decrease
p258_01__p258_154__quad_first_flat__mid__down,p258_01,data/processed/test/voice_vibration/audio/down/p258_01__p258_154__quad_first_flat__mid__down.wav,voice_vibration,voice vibration,mid,quad_first_flat,decrease
p253_01__p253_262__quad_first_flat__low__down,p253_01,data/processed/test/voice_vibration/audio/down/p253_01__p253_262__quad_first_flat__low__down.wav,voice_vibration,voice vibration,low,quad_first_flat,decrease
p285_01__p285_182__quad_first_flat__mid__down,p285_01,data/processed/test/voice_vibration/audio/down/p285_01__p285_182__quad_first_flat__mid__down.wav,voice_vibration,voice vibration,mid,quad_first_flat,decrease
p264_01__p264_068__quad_first_flat__high__down,p264_01,data/processed/test/voice_vibration/audio/down/p264_01__p264_068__quad_first_flat__high__down.wav,voice_vibration,voice vibration,high,quad_first_flat,decrease
p247_01__p247_073__jump__mid__down,p247_01,data/processed/test/voice_vibration/audio/down/p247_01__p247_073__jump__mid__down.wav,voice_vibration,voice vibration,mid,jump,decrease
p276_01__p276_199__jump__mid__down,p276_01,data/processed/test/voice_vibration/audio/down/p276_01__p276_199__jump__mid__down.wav,voice_vibration,voice vibration,mid,jump,decrease
p362_01__p362_256__quad_first_flat__low__down,p362_01,data/processed/test/voice_vibration/audio/down/p362_01__p362_256__quad_first_flat__low__down.wav,voice_vibration,voice vibration,low,quad_first_flat,decrease
p317_01__p317_211__linear__low__up,p317_01,data/processed/test/voice_vibration/audio/up/p317_01__p317_211__linear__low__up.wav,voice_vibration,voice vibration,low,linear,increase
p292_01__p292_053__jump__low__down,p292_01,data/processed/test/voice_vibration/audio/down/p292_01__p292_053__jump__low__down.wav,voice_vibration,voice vibration,low,jump,decrease
p246_01__p246_012__quad_last_flat__low__up,p246_01,data/processed/test/voice_vibration/audio/up/p246_01__p246_012__quad_last_flat__low__up.wav,voice_vibration,voice vibration,low,quad_last_flat,increase
p374_01__p374_012__linear__low__up,p374_01,data/processed/test/voice_vibration/audio/up/p374_01__p374_012__linear__low__up.wav,voice_vibration,voice vibration,low,linear,increase
p305_01__p305_360__linear__high__up,p305_01,data/processed/test/voice_vibration/audio/up/p305_01__p305_360__linear__high__up.wav,voice_vibration,voice vibration,high,linear,increase
p336_01__p336_002__quad_first_flat__high__down,p336_01,data/processed/test/voice_vibration/audio/down/p336_01__p336_002__quad_first_flat__high__down.wav,voice_vibration,voice vibration,high,quad_first_flat,decrease
p360_01__p360_123__linear__high__up,p360_01,data/processed/test/voice_vibration/audio/up/p360_01__p360_123__linear__high__up.wav,voice_vibration,voice vibration,high,linear,increase
p239_01__p239_034__jump__low__down,p239_01,data/processed/test/voice_vibration/audio/down/p239_01__p239_034__jump__low__down.wav,voice_vibration,voice vibration,low,jump,decrease
